{
  "index_conv": "hair-loss-rag-analyzer",
  "index_vit": "hair-loss-vit-s16",
  "top_k": 10,
  "Tconv": 0.15,
  "Tvit": 0.2,
  "override": true,
  "config": {
    "weights": {
      "conv": [
        0.5024154589371981,
        0.5290697674418604,
        0.5078909612625537,
        0.49780509218612823,
        0.5,
        0.5221843003412969,
        0.5
      ],
      "vit": [
        0.497584541062802,
        0.47093023255813954,
        0.49210903873744616,
        0.5021949078138719,
        0.5,
        0.477815699658703,
        0.5
      ]
    },
    "f1": {
      "conv": [
        0.8155339805825242,
        0.6666666666666666,
        0.8571428571428571,
        0.8076923076923077,
        0.9090909090909091,
        0.9,
        0.9743589743589743
      ],
      "vit": [
        0.8076923076923077,
        0.5934065934065934,
        0.8305084745762712,
        0.8148148148148148,
        0.9090909090909091,
        0.8235294117647058,
        0.9743589743589743
      ]
    },
    "strong": {
      "conv": [
        0,
        1,
        0,
        0,
        0,
        1,
        0
      ],
      "vit": [
        0,
        0,
        0,
        0,
        0,
        0,
        0
      ]
    },
    "tau": {
      "conv": [
        0.0,
        0.7,
        0.0,
        0.0,
        0.0,
        0.55,
        0.0
      ],
      "vit": [
        0.0,
        0.0,
        0.0,
        0.0,
        0.0,
        0.0,
        0.0
      ]
    }
  }
}