{
  "index_conv": "hair-loss-rag-analyzer",
  "index_vit": "hair-loss-vit-s16",
  "top_k": 10,
  "Tconv": 0.15,
  "Tvit": 0.2,
  "override": true,
  "method": "full_only",
  "config": {
    "weights": {
      "conv": [
        0.0,
        0.25,
        0.5,
        0.5,
        0.0
      ],
      "vit": [
        1.0,
        0.75,
        0.5,
        0.5,
        1.0
      ]
    },
    "f1": {
      "conv": [
        0.6470588235294118,
        0.6792452830188679,
        0.6060606060606061,
        0.7804878048780488,
        0.8372093023255814
      ],
      "vit": [
        0.6470588235294118,
        0.6792452830188679,
        0.6060606060606061,
        0.7804878048780488,
        0.8372093023255814
      ]
    },
    "strong": {
      "conv": [
        0,
        0,
        0,
        0,
        0
      ],
      "vit": [
        0,
        0,
        0,
        0,
        1
      ]
    },
    "tau": {
      "conv": [
        0.0,
        0.0,
        0.0,
        0.0,
        0.0
      ],
      "vit": [
        0.0,
        0.0,
        0.0,
        0.0,
        0.7
      ]
    }
  }
}