{
  "index_conv": "hair-loss-rag-analyzer",
  "index_vit": "hair-loss-vit-s16",
  "top_k": 10,
  "Tconv": 0.15,
  "Tvit": 0.2,
  "override": true,
  "method": "full_only",
  "config": {
    "weights": {
      "conv": [
        1.0,
        0.0,
        0.25,
        0.0,
        0.0
      ],
      "vit": [
        0.0,
        1.0,
        0.75,
        1.0,
        1.0
      ]
    },
    "f1": {
      "conv": [
        0.2857142857142857,
        0.125,
        0.13333333333333333,
        0.3225806451612903,
        0.19047619047619047
      ],
      "vit": [
        0.2857142857142857,
        0.125,
        0.13333333333333333,
        0.3225806451612903,
        0.19047619047619047
      ]
    },
    "strong": {
      "conv": [
        0,
        0,
        0,
        0,
        0
      ],
      "vit": [
        0,
        0,
        0,
        0,
        0
      ]
    },
    "tau": {
      "conv": [
        0.0,
        0.0,
        0.0,
        0.0,
        0.0
      ],
      "vit": [
        0.0,
        0.0,
        0.0,
        0.0,
        0.0
      ]
    }
  }
}