person_key,person_id,true_stage,pred_stage,primary_filename,secondary_filename,primary_viewpoint,secondary_viewpoint,fusion_probs,total_images
2_1,1,2,2,1-Top-Down_jpg.rf.0e66e06d513256dad94cdf8584cdfd74.jpg,1-Left_jpg.rf.6bc2f4b4c055fe1c23be4d36a8b8f6ef.jpg,top-down,left,"[0.3002083208039101, 0.30461488640964435, 0.11663846531314648, 0.2785383274732991, 0.0, 0.0, 0.0]",2
2_17,17,2,2,17-Front_jpg.rf.09d799a68cabda5c5cea7137eb29d1dd.jpg,17-Right_jpg.rf.782c2bb91f35e43fb8eaf052b5574d8a.jpg,front,right,"[0.0, 0.6225575298894039, 0.17917117835204857, 0.14341967173148978, 0.0406897941004241, 0.0, 0.01416182592663373]",2
3_23,23,3,5,23-Front_jpg.rf.277f2482ced851f66f9916b9f3bf244e.jpg,23-Left_jpg.rf.53456665e57a2bb799e3deaab1f38340.jpg,front,left,"[0.0, 0.19716564690535826, 0.23558825451836735, 0.12466499607991761, 0.3194082668866234, 0.0533680067292674, 0.06980482888046602]",2
